humid,humid90,temp,temp90,h10pix,h10pix90,trees,trees90,NoYes,Xmin,Xmax,Ymin,Ymax
0.671388894,4.416666865,2.037500024,8.47083497,17.35652924,17.80861092,0,1.5,0,70.5,74.5,38,35.5
7.648334026,8.167499542,12.32499981,14.92500019,10.98361015,11.69167042,0,1,0,62.5,64.5,35.5,34.5
6.979055595,9.563057518,6.925000191,14.59165993,17.50832939,17.62528038,0,1.2,0,68.5,69.5,36,35
1.110416275,1.825361288,4.641664982,6.046668863,17.41763496,17.51693916,0,0.6,0,67,68,35,34
9.027055454,9.742750645,18.17500019,19.71000042,13.84305954,13.84305954,0,0,0,61,64.5,33.5,32
8.914111328,9.516778374,11.89999962,16.64334068,11.69167042,11.69167042,0,0.2,0,64.5,65.5,36.5,35
5.295555305,5.781749678,9.254150152,13.16581993,17.83874989,17.89472008,0,0,0,67.5,68.5,33.5,32
1.150833011,1.218611002,7.116670132,8.875,11.69167042,15.22527981,0,0,0,64,66.5,35,33
8.529444504,8.941833687,20.42499924,22.08664055,18.875,23.64221954,0,0,0,63.5,65.5,33,29.5
8.543639278,9.065972328,15.15415001,17.22669029,12.25028038,13.84305954,0,0.6,0,61,64.5,35,33.5
6.594583368,6.626527739,10.19169998,10.29169998,17.89472008,17.89472008,0,0,0,69.5,70,34.5,34.5
1.032444148,1.298777391,0.954165041,2.397497094,17.73694515,17.77361279,0,0,0,70,70.5,35.5,35
4.263444233,6.460777378,6.583330154,11.83830919,17.94166946,17.94166946,2,36.2,0,71,71.5,35.5,34.5
7.392916918,8.652639151,10.46251512,14.18586316,17.89472008,17.89472008,0.5,0.9,0,70.5,70.5,35,34.5
4.868138838,5.051972246,8.629164934,9.552496958,17.89472008,17.89472008,0,0,0,69,69.5,34,33.5
10.00216808,11.07850246,14.8416996,17.63497963,17.94166946,17.94166946,0,3.2,0,70,71,34,34
10.05114374,10.27680578,22.11665058,23.18331985,20.02888966,24.40500069,0,0,0,61.5,63.5,31.5,29.5
3.43544488,4.500388813,8.541669846,13.18500004,16.83389091,17.51521721,0,0,0,65.5,67.5,34,32.5
6.576166725,7.424833488,10.7166996,13.52998009,17.89472008,17.89472008,0,0.8,0,69.5,70,33.5,33
3.546833467,3.932277822,4.949999809,5.256664085,17.70083046,17.76638985,1,1.8,0,68.5,69.5,35,34.5
8.267222595,8.690055847,18.27499962,20.56001968,18.25,21.69888573,0,0,0,65.5,67.5,32,29.5
11.68766842,11.69033642,17.23329926,17.42666016,16.41860962,16.41860962,1,1.8,0,68.5,69,37,36.5
8.874722481,9.929164886,10.07499981,15.1916995,17.40360928,17.62528038,0,1,0,69.5,70.5,37,35.5
2.650221992,3.783221936,4.5,7.046664047,17.78277969,17.872332,0,0,0,68,69,34,34
6.438639402,7.265027761,14.11249971,16.33499975,17.77485943,17.85058556,0,0,0,66.5,68,32.5,31.5
6.025389385,7.835667038,12.7166996,15.94664001,17.89472008,17.92594223,0,0,0,68.5,69.5,33,31.5
9.928888798,10.32125092,16.17079973,17.27920055,13.35249996,16.14193916,0,1,0,67,67.5,37,35.5
10.34944172,10.56749573,15.19999981,17.49669952,11.69167042,13.42767029,0,1,0,66,66.5,37,35
8.2915555,9.714221001,12.20829964,15.55669975,16.41860962,17.15305214,0,0,0,67.5,68.5,36.5,35.5
8.480222321,9.814887238,13.875,17.09331017,15.54222012,15.54222012,0.5,1,0,5.5,6.5,35.5,35
8.858056068,8.858056068,14.27499962,14.27499962,15.54222012,15.54222012,1,1,0,7,7,36,36
11.38099785,11.85805588,15.375,16.00498009,15.01416969,15.01416969,0,0.6,0,2.5,3.5,36,35.5
14.45777988,14.45777988,18.05830002,18.05830002,15.06583023,15.06583023,7,7,0,0.5,0.5,35.5,35.5
14.92416954,14.92416954,17.92499924,17.92499924,15.06583023,15.06583023,7,7,0,0,0,35.5,35.5
9.891972446,9.958250332,15.0458498,15.26916981,15.06583023,15.06583023,0,0,0,0.5,0.5,34.5,34
9.365472412,9.403861237,14.61664963,14.98996964,14.76611042,14.76611042,5.5,9.1,0,5.5,5.5,36,35.5
10.16257992,10.98202429,15.21670008,15.97751026,15.06583023,15.06583023,0,0.6,0,1,2.5,35,34
12.12722015,12.12722015,15.69999981,15.69999981,14.92416954,14.92416954,0,0,0,4.5,4.5,36.5,36.5
9.641805553,9.66263895,14.28334999,14.61002998,15.29569483,15.33891497,6.5,11.7,0,-1,-1,34.5,34
12.18305969,12.18305969,16.08329964,16.08329964,14.65750027,14.65750027,45,45,0,5,5,36.5,36.5
10.42971992,10.5335001,19.69169998,20.85665932,14.65750027,15.05266781,0,0,0,5,6.5,35,33.5
10.87477617,10.96955214,14.82085037,14.89753036,14.96916962,15.00516968,5,8.2,0,4,4.5,36,36
9.882583714,10.68975286,16.09584999,19.37749004,15.01416969,15.01416969,0,0,0,2.5,5,35,33
8.991110802,8.991110802,14.16670036,14.16670036,15.69972038,15.69972038,6,6,0,7.5,7.5,36,36
10.68994169,10.92960749,15.1333003,15.55330038,15.21624994,15.47702608,22,38,0,6,6.5,36.5,36.5
9.001667023,9.225277901,17.72500038,19.13330078,15.01416969,15.01416969,0,0,0,2,4,34,32.5
12.46000004,12.46000004,16.54170036,16.54170036,15.06583023,15.06583023,1,1,0,0.5,0.5,35,35
10.75616417,10.99461212,16.3416996,17.03500023,14.92416954,15.01416969,0,0,0,4,5,35.5,34.5
8.67472229,8.842499924,14.30000019,14.30664005,15.69972038,16.43994408,0,0.8,0,7,8,35.5,35.5
10.01569386,12.01485767,14.38750029,16.07168951,15.06583023,15.06583023,0.5,1,0,-0.5,0,35,34
10.58755283,10.72233067,15.44164991,15.67497015,15.54222012,15.54222012,2.5,4.5,0,7,7.5,36.5,36.5
10.86411419,12.15433025,16.89170074,20.46829987,16.53111076,16.625,0,0,0,7.5,8.5,35.5,34
9.519611549,9.947833443,26.25830078,27.19001999,12.07194042,13.95855579,0,0,0,-4.5,4,31,19
13.28411293,13.31989098,17.6083498,17.67502995,15.01416969,15.01416969,2.5,2.9,0,2,2.5,36,36
13.72897282,13.88725071,16.87915039,17.2024704,15.06583023,15.06583023,7,7.8,0,-1,-0.5,35,35
10.00608206,10.27580566,22.0791502,22.88497066,14.92736483,15.34972,0,0,0,-5,0.5,32,28
9.866944313,9.866944313,14.30000019,14.30000019,14.65750027,14.65750027,1,1,0,5,5,36,36
14.17039118,14.37383718,17.1875,17.4508606,15.01416969,15.01416969,0,0,0,3.5,4,36.5,36.5
14.09191961,14.20341959,17.94999981,18.00999966,15.06583023,15.06583023,9.5,12.3,0,1,1.5,36,36
9.022722626,9.12836132,18.90834999,20.66748962,15.01416969,15.06583023,0,0,0,0,2.5,34,30.5
11.6531949,11.9997201,21.52080059,21.65000057,15.69972038,15.69972038,0,0,0,6,9,34,32
12.43780375,12.69074774,16.67500019,17.06164036,16.16236019,16.53247204,35,36.6,0,8,8.5,36.5,36.5
8.293777466,9.132444382,20.82500076,22.07169991,12.73278046,14.92416954,0,0,0,2.5,5,32.5,29
9.710278034,10.06138515,22.56665039,23.48750019,11.71902514,15.47139025,0,0,0,6.5,11.5,29.5,24
10.79105377,11.42355366,18.58329964,20.32831955,15.69972038,15.69972038,0,0,0,7,7.5,35,34
9.159556103,9.274111652,14.1708498,14.60752964,15.17860985,15.46949806,1,1.8,0,6,6.5,36,36
9.123916626,9.475222778,15.9083004,17.9399704,15.06583023,15.06583023,0,0,0,-1,0,34,32
10.19036188,10.81733341,22.60414982,23.16753025,14.65750027,15.69972038,0,0,0,3.5,9.5,33,28.5
13.97638988,13.97638988,18.11669922,18.11669922,15.06583023,15.06583023,1,1,0,1,1,35.5,35.5
10.43566885,10.74133615,14.92500019,15.48500004,16.16236019,16.53247204,3,3.8,0,8,8.5,36,36
8.513028049,9.051055431,24.35415077,26.66250076,10.99277973,13.18789091,0,0,0,1,12,29,19
11.61931038,12.17402506,23.60414982,25.19999981,16.26499939,16.80999947,0,0,0,-8,-3,29.5,25.5
12.02250423,12.30194836,16.19999981,16.72663937,15.03999996,15.06066418,2.5,3.7,0,1.5,2,35.5,35.5
11.09972572,12.24261189,12.33329964,15.03997993,13.22805977,14.06056023,3,9.8,0,45.5,49.5,41.5,38.5
8.16055584,8.16055584,9.383330345,9.383330345,14.62666988,14.62666988,12,12,0,20.5,20.5,41.5,41.5
12.70444012,12.70444012,15.50829983,15.50829983,14.74166965,14.74166965,0,0,0,20,20,40.5,40.5
8.126390457,8.126390457,9.791669846,9.791669846,14.64167023,14.64167023,2,2,0,20.5,20.5,40,40
8.433333397,8.433333397,9.933329582,9.933329582,14.64167023,14.64167023,0,0,0,20.5,20.5,40.5,40.5
7.974999905,7.974999905,9.266670227,9.266670227,14.62666988,14.62666988,0,0,0,21,21,40.5,40.5
7.367221832,7.367221832,8.058329582,8.058329582,14.35943985,14.35943985,37,37,0,20.5,20.5,42,42
8.289444923,8.289444923,9.658329964,9.658329964,14.62666988,14.62666988,26,26,0,20.5,20.5,41,41
11.36528015,11.36528015,13.73330021,13.73330021,14.62666988,14.62666988,43,43,0,20,20,41.5,41.5
12.0261097,12.0261097,14.58329964,14.58329964,14.64167023,14.64167023,23,23,0,20.5,20.5,39.5,39.5
6.280556202,6.280556202,6.599999905,6.599999905,14.62666988,14.62666988,31,31,0,20,20,42,42
11.73499966,11.73499966,14.125,14.125,14.74166965,14.74166965,17,17,0,20,20,40,40
11.62555981,11.62555981,14.18330002,14.18330002,14.64167023,14.64167023,20,20,0,20,20,41,41
6.846500015,7.607167149,6.216670036,8.883336067,12.74750042,13.05778027,5,16.4,0,44,46.5,40.5,39
19.45635815,21.75652752,20.99165058,22.78831043,25.15806007,25.15806007,19,34.7,1,13,15,-12.5,-14
14.45161238,15.27458668,20.21665001,20.89580002,24.0022192,25.15806007,31.5,47.4,1,16.5,19,-11,-14.5
25.21447372,25.39241791,24.87915039,25.03583069,27.82250023,27.82250023,49,56.2,1,12.5,13,-5,-5.5
17.16961269,18.00608177,21.62919998,22.52669029,19.33139038,22.20136108,17,33.6,1,17,23,-14,-18
20.40238762,21.57072029,21.89999962,23.57331924,26.24611092,26.45750046,35,59,1,14.5,16,-8.5,-9.5
17.75074596,20.78321972,19.59165001,22.93331985,26.24611092,26.24611092,31,52.8,1,14,16.5,-10,-12
12.45555496,13.39074917,21.68334961,22.59249973,22.47180462,22.86694908,4,14.3,1,13.5,17.5,-15.5,-17.5
13.86610985,14.23388958,18.89170074,19.26670074,25.15806007,25.15806007,24,42,1,15.5,16.5,-12,-13.5
13.31430559,13.88816776,19.86250019,21.02251053,23.55167007,24.21332932,18,34.5,1,13.5,16.5,-14,-16.5
19.61042156,21.41680298,21.3125,23.40081959,26.24611092,26.24611092,38,46,1,15.5,19,-8,-11.5
18.08708572,19.10750008,20.25414944,20.72919941,23.20930958,24.40028,1,8.5,1,12.5,13.5,-14,-17
17.74577599,18.7136116,21.875,22.35169945,21.04055977,22.82061195,31,49,1,18.5,24,-11,-16
21.58794136,21.8754425,22.26670074,23.51166,26.62667084,26.81344147,39,73.2,1,14.5,17,-6.5,-8.5
24.55167007,26.12694931,23.91670036,25.0916996,27.26861,27.48167038,17,37,1,13,15,-6.5,-7.5
19.30569458,20.64541531,22.30834961,23.41249943,26.04888916,26.29972076,39,51.5,1,18,22,-7.5,-10.5
16.53472519,17.6972208,22.3125,22.85000038,24.24042034,25.828475,29,48,1,19,22.5,-9,-11.5
23.92972336,24.36288986,24.58329964,24.85835953,26.45750046,26.95244598,14,40.2,1,13.5,14.5,-8,-10.5
13.57713642,14.12910919,15.1041503,16.38250961,16.02444506,17.11872082,0.5,18.5,0,-63,-56.5,-34,-41
10.59252434,13.61489077,9.429164886,19.47329979,18.56193924,18.56193924,0,27.3,0,-68.5,-65,-25.5,-30
18.55538979,18.92989273,21.79170036,22.61998062,22.24056053,22.55372276,35,44,0,-62.5,-58.5,-24.5,-28
6.733889103,7.441111088,9.824999809,12.91670036,10.71444035,11.06499958,0,6,0,-71.5,-63.5,-42.5,-46
14.25355778,15.26188793,17.18330002,19.12165985,18.11750031,18.98611679,6,24.8,0,-65.5,-62,-30,-35
18.6258297,19.02695084,20.6583004,21.45829964,21.61556053,22.24056053,22,44,0,-59,-56,-28,-30.5
15.71988888,16.11177807,18.04164982,19.22585964,19.40930939,19.85166931,13.5,37.8,0,-60,-58,-30.5,-34
19.62855568,19.87916412,23.00830078,23.32164001,23.10083008,23.91327782,30,46,0,-62,-57.5,-23,-27
8.225055885,15.17391529,8.191665173,19.12331924,20.76610947,21.49622307,1,63.9,0,-66.5,-64,-22.5,-24.5
10.43105412,11.96522408,15.39999962,16.10836029,14.25166988,16.13389015,6,19.8,0,-67.5,-63.5,-35.5,-39
13.09471989,14.25139046,18.50830078,20.77499962,16.59277916,17.46750069,4,20,0,-69,-65.5,-28.5,-32
10.30188694,11.54430676,13.0166502,17.31746941,14.34000015,15.29971981,1,14.9,0,-70,-66.5,-32.5,-37.5
19.05777931,19.48860931,20.77499962,21.00830078,22.18499947,22.28360939,53,72,0,-55.5,-53.5,-26,-28
6.995056152,7.309388542,10.39999962,13.18166008,12.09193993,12.83621998,1,28.6,0,-71.5,-68.5,-37,-41
8.28061142,9.24133358,13.63329983,15.15165977,11.90806007,13.21000004,2,10.2,0,-71.5,-63,-38,-42
15.84166479,17.94041538,17.4375,23.13329983,20.4420805,22.73125076,25.5,57,0,-68,-62.5,-22.5,-26.5
10.16355324,11.6784441,10.43330002,17.83501968,15.99971962,16.38999939,0,4.6,0,-70,-67,-29,-32.5
11.79725227,12.06914186,16.44584942,18.0366394,16.37458515,16.7981678,11,23.2,0,-67,-65,-32.5,-36
6.128722858,6.78433342,7.758329868,9.991663742,8.291110992,10.47472,0,4.2,0,-73,-66,-46.5,-52.5
16.93483601,17.8370594,19.33335018,20.53000031,19.7761097,21.41575279,9,42.7,0,-62.5,-59,-28.5,-34.5
16.18839149,16.41266785,21.02499962,22.24833984,20.28833008,22.24056053,22,42,0,-64.5,-61.5,-26,-30
6.332833672,6.81022253,4.241670132,5.691670132,7.150556087,8.227666855,22,79,0,-68,-64,-54,-55
14.98444386,15.76900215,17.89999962,19.95835991,18.70694923,19.46177673,15,41.4,0,-65.5,-64.5,-26.5,-28
11.3680582,12.87883186,17.5333004,20.18666,14.87333012,17.42610931,6,41.8,0,141.5,153.5,-28.5,-37.5
16.92527542,21.56289024,25.50830078,27.06334,20.75832939,25.91555977,2,14,0,129.5,138,-11.5,-26
16.05335979,19.80833168,22.94165039,26.4091404,21.34082985,26.65221977,5,23,1,138.5,153.5,-10.5,-29
11.20472002,11.78208494,19.1583004,22.12080002,12.29139042,12.56472015,0,5,0,129.5,141,-26.5,-38
8.914999962,10.361446,10.01669979,12.05500011,12.78250027,13.55056,49,76.4,0,145,148.5,-41,-43.5
11.02735939,11.2668623,14.05834961,16.35329933,12.78250027,14.15666962,11,70.9,0,141.5,149.5,-34.5,-38.5
13.37628193,16.87289238,22.54170036,26.60829926,16.74666977,22.29417038,0,12,0,113.5,129,-14.5,-35
9.85547266,9.919417095,9.383329868,9.823329639,12.31624985,12.41547394,36.5,63.3,0,16.5,17,47.5,47
8.768639278,8.833805943,5.641664982,7.022499895,12.80291462,12.97077389,69.5,74,0,13.5,15,46.5,46.5
9.141305542,9.445973396,8.379165173,9.190830898,12.2238903,12.2238903,2.5,48.1,0,15,17,48.5,47.5
9.23638916,9.424305916,8.412500381,8.8125,12.2238903,12.33208513,23.5,63,0,13.5,15,48,47.5
7.379777718,7.764277649,3.041670084,5.428334045,12.74555969,12.87471962,63,70.6,0,12.5,14,47.5,47
8.979611397,9.823165321,5.983329773,8.800001907,12.54889011,12.73110962,72,74,0,14.5,16,47.5,46.5
6.706111431,7.137444878,2.316669941,3.790001965,13.1072197,13.1072197,31,66,0,10.5,13,47,46.5
7.792500019,7.792500019,5.608329773,5.608329773,13.26305962,13.26305962,12,12,0,10,10,47,47
9.512778282,9.512778282,9.725000381,9.725000381,12.10027981,12.10027981,72,72,0,16.5,16.5,48,48
16.78433552,17.36883621,21.47919941,22.27420063,20.34111023,22.01146889,6,20.1,0,24.5,29,-19.5,-24
18.22483635,18.55638847,22.47500038,22.75000076,19.70138931,19.75550156,15,18.2,0,24.5,26,-18.5,-19
16.57200241,16.9553318,21.45000076,21.94669991,19.27277946,19.52994537,1,1,0,20.5,25.5,-21.5,-23.5
14.89125013,15.57486486,20.40415001,20.89999962,18.14221954,19.00333023,0,1,0,20.5,24,-24,-27
14.84127579,15.09061165,20.99169922,21.03170013,20.34111023,20.44933472,17,18.6,0,26.5,27,-24,-24.5
15.66450167,16.13669701,20.85835075,21.23829937,18.83152485,19.37388992,1,6.1,0,23.5,26,-24,-24.5
18.61805611,18.98155746,22.61669922,22.81164017,19.70138931,19.70138931,2,16.2,0,21.5,25,-18.5,-21
16.65636406,16.80230827,20.65415001,20.8508297,21.36555481,21.67799835,14.5,14.9,0,27.5,28,-21,-21.5
15.34985781,15.62124586,20.08335018,20.33666973,18.35958481,18.65414047,16,18.4,0,26,26,-25,-25.5
15.20677977,15.46597433,20.18334961,20.69000072,17.92930508,18.60796947,1,3,0,23.5,25.5,-24.5,-26
10.20083046,10.20083046,9.783329964,9.783329964,11.10138988,11.10138988,2,2,0,5,5,50.5,50.5
10.33139038,10.33139038,9.808329582,9.808329582,11.10138988,11.10138988,19,19,0,5,5,51,51
10.39000034,10.39000034,9.808329582,9.808329582,11.18472004,11.18472004,26,26,0,4.5,4.5,50.5,50.5
10.4422781,10.44316616,9.725000381,9.764999771,11.30943966,11.36233578,2,2,0,3.5,4.5,50.5,50
10.25610771,10.27999573,9.649999619,9.796664047,11.06721973,11.06721973,3,5.4,0,5.5,6,51,50.5
9.545944786,9.608833504,8.516670227,8.596669769,11.06721973,11.09455585,67,69.4,0,5.5,6,50,49.5
10.10785761,10.13891249,9.162499905,9.365835857,11.11444473,11.15222473,38,64.4,0,5,5.5,50,50
10.51030807,10.52547607,9.995850086,10.03253031,11.18472004,11.18472004,4,7.2,0,4,4.5,51,51
10.57499981,10.57499981,9.875,9.875,11.30943966,11.30943966,3,3,0,3.5,3.5,51,51
23.99566879,24.21633606,24.72914982,25.30167923,27.17667007,27.17667007,0,0,1,-78,-74,24.5,22.5
24.88332939,25.46750031,25.26670074,25.56166,27.11222076,28.14860916,1,49.2,1,90.5,92.5,24.5,21.5
25.10333252,25.31516838,25.47500038,25.72165947,27.85610962,28.14860916,4,12.6,1,90,91,24.5,23
26.13655396,26.44511414,26.22500038,26.42502022,28.40527916,28.40527916,7,48.2,1,89,90,23.5,21.5
24.64471989,24.93755531,25.42914963,25.93667068,27.58096981,28.14860916,0,9.4,1,88.5,90,26,24
28.00028038,28.00028038,25.75830078,25.75830078,28.85111046,28.85111046,71,71,1,-88,-88,17.5,17.5
27.16500092,27.16500092,24.82500076,24.82500076,28.85111046,28.85111046,29,29,1,-88.5,-88.5,17,17
28.19388962,28.19388962,25.66670036,25.66670036,28.85111046,28.85111046,78,78,1,-88,-88,18,18
27.75472069,27.75472069,25.52499962,25.52499962,28.85111046,28.85111046,82,82,1,-88.5,-88.5,17.5,17.5
25.29833031,25.29833031,23.07500076,23.07500076,28.85111046,28.85111046,79,79,1,-88.5,-88.5,16.5,16.5
28.22805977,28.22805977,25.35000038,25.35000038,28.85111046,28.85111046,80,80,1,-88.5,-88.5,16,16
9.653528118,10.16986513,8.800000191,11.42663965,14.35943985,14.35943985,52,78.7,0,16.5,19.5,44.5,42.5
14.25655632,17.13233147,17.22500038,21.99334068,24.76638985,25.62944527,24,67,1,-65,-62.5,-19,-21.5
17.29861183,22.53944588,17.70000076,24.70166016,26.5988903,27.19744873,35,77.6,1,-66.5,-64.5,-16,-18.5
26.00238743,26.68708591,26.33335018,26.7574707,29.09125042,30.00383129,39.5,84.9,1,-67,-62,-11,-16.5
22.05005341,24.91133614,20.2166996,25.71501923,27.7677803,29.82099762,66,83,1,-69,-66.5,-12.5,-18
5.940972042,6.351805544,9.025000095,10.1625,25.59680462,25.79708252,0,1,1,-68.5,-66.5,-18,-20
27.48802528,28.05322514,26.38335037,26.74249039,30.36013985,30.57733459,82,86,1,-69,-65.5,-10.5,-12.5
5.666833591,7.654889202,9.116669655,12.66502018,23.54972076,25.55344124,0,1,1,-68,-65,-18.5,-23
23.74892063,24.88983173,25.05414963,25.98167934,27.02416992,27.93633671,54,82,1,-64.5,-57.5,-14,-20.5
17.67100315,18.18664265,20.94164944,23.26247044,23.06194496,24.30336342,40,68.5,1,-65,-62.5,-21.5,-22.5
25.21625042,25.60014286,25.00834942,26.15917988,27.32722092,27.32722092,64,77.7,1,92.5,95,21,17.5
19.33422508,23.24141579,18.74164963,24.05163975,26.87833023,27.03916931,51.5,75.3,1,93,94,23.5,21
27.02721977,27.16694069,27.05830002,27.25830078,27.93166924,27.93166924,2,40,1,94.5,96,18,16
21.43261032,22.53272629,20.39170074,23.42997971,24.79999924,24.79999924,74,78.8,1,96.5,99,28,23.5
25.53499966,26.17711048,25.48750019,26.12416992,28.86639023,28.90833092,36.5,72.8,1,97,99,19,15
23.2402256,23.41250153,24,24.82329941,27.3927803,27.58389091,43,72.2,1,97.5,98,19.5,18.5
24.19527531,24.4827795,26.02500057,26.44999981,27.32722092,27.32722092,17.5,39,1,94.5,96,21.5,19
23.05555916,23.19972038,25.45000076,26.07500076,27.16749954,27.32722092,10,18,1,95.5,97,22,19.5
25.89082909,26.3927803,26.49169922,27.20829964,27.3927803,27.95611,20,47,1,95.5,97,19,17
23.15263939,23.43069553,23.73750019,26.04169941,25.86194038,26.64166451,55,78,1,94.5,97,27,21.5
19.41033287,20.50538826,20.95000076,22.89833984,26.72639084,27.37966843,60,76,1,96.5,100.5,23.5,19.5
27.42374859,27.7486124,25.87085056,26.47747078,29.18083,29.29805946,70,78.6,1,98.5,99.5,14.5,10.5
26.94411182,27.01377773,26.53750038,26.70668945,28.90833092,28.90833092,15,35.6,1,97.5,98,17,15
26.82735844,26.8365263,27.33329964,27.39168015,28.23596954,28.76122189,1.5,7.9,1,96,97,17,16.5
20.71666908,22.16082954,27.23329926,27.95000076,28.98527908,29.17667007,17,28,0,1.5,2.5,11,8.5
28.32139015,28.32139015,27.29999924,27.29999924,29.33305931,29.33305931,18,18,1,2.5,2.5,6.5,6.5
21.15347004,21.91986465,27.60414982,28.32085037,29.11528015,29.17667007,16.5,28.5,0,2.5,4,12,9
28.17138939,28.66860924,27.2166996,27.25670052,29.33305931,29.33305931,8,20,1,2,2,7,6
28.37999687,28.65221901,27.3125,27.3758606,29.33305931,29.33305931,16.5,16.9,0,3,3,7,6.5
25.58736038,26.45083523,27.4375,27.54580021,29.33305931,29.33305931,20.5,31.5,0,2,2.5,8.5,7
8.649221992,8.843611526,6.316669941,7.116670132,9.266111374,9.905833435,43,72,0,23.5,32.5,55.5,51.5
27.84806061,28.00917053,25.45000076,26.5333004,28.52556038,29.74749947,0,0,1,157,162.5,-7.5,-11
24.20694923,24.20694923,25.5916996,25.5916996,29.29249954,29.29249954,16,16,0,-41,-41,-4,-4
28.45896969,28.75072536,25.93334961,26.40249958,30.54972076,30.64110947,78,85.2,0,-73.5,-67,-8,-11
24.74644547,25.26505127,25.42499924,25.73166046,26.47500038,26.64332962,15,25.8,0,-37.5,-35.5,-9.5,-10.5
29.23100014,29.58900375,26.04999924,26.65167923,30.64916992,31.09056091,71,84.8,0,-54,-50,3.5,-1
30.26649971,30.53944168,26.44169998,26.92001991,30.71582985,31.13417053,83,88,0,-73,-56.5,1.5,-10
21.40374947,24.47444439,24.20835018,25.47914982,26.17111015,26.92250061,20,48,1,-46,-37.5,-9,-18.5
25.0478878,26.30677757,26.38330078,27.29667969,29.02333069,29.29249954,15,25.4,0,-41,-37.5,-3.5,-7.5
18.2761097,18.2761097,21.94169998,21.94169998,26.33499908,26.33499908,9,9,1,-47.5,-47.5,-16,-16
24.6492775,25.18511047,23.56669998,24.42001991,25.58499908,25.69905434,14,24.8,1,-41.5,-39.5,-18.5,-21
23.01428051,24.8443367,24.41665077,25.96169968,26.48472023,27.02416992,18,43.9,0,-57.5,-51,-17.5,-24
27.81292019,28.87449932,26.58749962,27.20829964,31.09056091,31.09056091,25,53.4,1,-47.5,-42,-1.5,-10
26.57950039,27.44094334,25.5458498,26.29000969,28.71055984,30.44950008,41.5,84.7,1,-61,-50.5,-8,-18
20.4593895,22.10433197,22.70000076,24.08501968,25.58499908,25.81100349,20,37.8,1,-50.5,-40,-14.5,-23
29.61227551,30.29836407,26.31669998,26.85000038,31.13417053,31.13417053,77,86.3,0,-58.5,-46,2,-10
22.82333469,24.76569462,24.96249962,26.54580021,27.29000092,27.31666946,12.5,18,0,-38,-35,-6.5,-8
17.83655663,19.19061279,19.5916996,21.31166077,22.28360939,23.89483528,26,71.6,0,-54,-48,-23,-26.5
23.06983528,24.64988594,26.7833004,27.48169937,28.89833069,29.29249954,24,53,1,-45.5,-40.5,-3.5,-11
22.74341946,23.7286932,22.8125,23.97499027,25.58499908,25.58499908,12.5,35.2,1,-44.5,-41,-21.5,-23.5
25.28199997,25.85966988,26.44169998,27.48498001,27.31666946,27.35350151,8,17.8,0,-38,-35,-5.5,-7
17.44166946,18.1055603,19.19169998,20.22500038,20.64332962,21.50056076,17,40,0,-57,-50,-27.5,-33.5
27.9833313,28.64016571,25.89999962,26.49335938,30.24777985,30.64110947,76,86,0,-66,-60,-8.5,-13.5
27.515975,28.63958549,26.38334942,26.84165001,30.56278038,30.66694069,79,86,0,-64.5,-59,5,-1.5
17.85094528,19.00735874,18.22500038,19.75330029,21.28194046,21.42583084,31,69.7,0,-53,-48.5,-26.5,-29.5
19.48977623,20.64322395,21.5333004,23.65330048,23.03610992,24.03233261,15,56.4,1,-52,-44,-20.5,-25
24.53438797,25.28316422,25.3416996,25.69500046,26.17111015,26.54233208,12,26,0,-37.5,-37,-10,-11.5
22.32811356,23.73733406,24.30830002,25.68329926,26.49971962,27.93499947,18,30.6,1,-52.5,-46,-13.5,-19.5
21.80674973,23.98663826,25.22499943,26.20329971,27.08278084,27.29000092,12.5,25.9,0,-40.5,-35,-8,-9.5
26.40172539,27.37319756,26.25830078,26.56753006,29.01028061,31.09056091,20,45,1,-50,-46,-5.5,-13.5
6.382500172,6.382500172,5.849999905,5.849999905,25.91082954,25.91082954,56,56,0,91,91,27.5,27.5
7.998888969,7.998888969,6.783329964,6.783329964,26.48278046,26.48278046,38,38,0,90,90,27,27
20.77556038,20.77556038,20.99169922,20.99169922,26.85639,26.85639,12,12,0,90,90,26.5,26.5
9.241110802,9.241110802,8.208330154,8.208330154,26.48278046,26.48278046,22,22,0,89.5,89.5,27,27
10.28777981,10.28777981,10.77499962,10.77499962,25.73999977,25.73999977,74,74,0,91.5,91.5,27.5,27.5
17.05888939,17.05888939,17.44169998,17.44169998,26.07722092,26.07722092,69,69,0,91.5,91.5,27,27
1.658611059,1.658611059,-1.408329964,-1.408329964,26.07722092,26.07722092,2,2,0,89.5,89.5,27.5,27.5
1.066110969,1.066110969,-2.208329916,-2.208329916,25.52083015,25.52083015,0,0,0,90.5,90.5,28,28
13.85916996,13.85916996,14.07499981,14.07499981,26.27582932,26.27582932,81,81,0,91,91,27,27
13.95971966,13.95971966,14.33329964,14.33329964,25.91082954,25.91082954,57,57,0,92,92,27,27
6.034443855,6.034443855,4.566669941,4.566669941,25.94861031,25.94861031,55,55,0,90,90,27.5,27.5
12.33188744,13.28377571,11.23333502,13.2666667,26.19597054,26.39385872,64.5,76.9,0,90.5,90.5,27.5,27
11.32130461,12.02714005,12.1458497,12.59917984,13.06513977,13.24083376,26.5,65.6,0,26.5,28,42.5,42
8.715556145,8.715556145,9.183329582,9.183329582,13.22305965,13.22305965,6,6,0,23.5,23.5,42.5,42.5
10.37755585,10.85200005,11.375,12.22999973,13.17249966,13.63777618,7,63.4,0,25.5,26.5,42.5,41.5
10.59827633,10.70055618,10.95829964,11.0933197,12.95777988,13.17249966,18,46,0,24.5,26,43,42.5
10.87338982,11.0518919,10.66670036,11.46330032,12.70444012,12.72693977,10,39.2,0,23,24,43.5,43
9.3021945,10.01869135,8.874985218,11.16999025,13.67916489,13.91113997,37,72.8,0,24.5,25,42,41.5
10.94188995,10.99210968,10.8416996,11.06833992,12.94861031,12.94861031,7,34.2,0,26.5,27,43.5,43
8.153472328,8.300193977,8.504164696,8.745831776,13.59972477,13.99572182,49.5,72.6,0,23,24.5,42.5,41.5
11.25430965,11.39958477,11.11250019,11.48335028,12.94861031,12.94861031,4,34.5,0,27,28.5,43.5,43
29.10002422,29.39296818,25.90834999,26.50166969,29.68346977,29.72358208,38.5,69.3,1,115,115,4.5,4
16.3758297,16.3758297,18.64999962,18.64999962,25.52639008,25.52639008,29,29,0,30,30,-3.5,-3.5
19.03360939,19.03360939,21.97500038,21.97500038,25.99110985,25.99110985,17,17,1,29.5,29.5,-3.5,-3.5
17.7121685,18.16850243,19.16249943,20.35249958,25.57208538,25.60864162,29,36.2,0,29.5,30,-4,-4
19.47306061,19.47306061,21.00830078,21.00830078,25.22860909,25.22860909,22,22,0,31,31,-3.5,-3.5
16.85499954,16.85499954,19.60000038,19.60000038,25.99110985,25.99110985,82,82,1,29.5,29.5,-3,-3
18.61694908,18.61694908,20.625,20.625,25.42472076,25.42472076,25,25,0,30,30,-4.5,-4.5
18.36582947,18.36582947,20.64170074,20.64170074,25.39110947,25.39110947,25,25,0,30.5,30.5,-3,-3
19.05027962,19.05027962,21.08329964,21.08329964,25.39110947,25.39110947,19,19,1,30.5,30.5,-4,-4
18.01638985,18.01638985,20.02499962,20.02499962,25.39110947,25.39110947,12,12,0,30.5,30.5,-3.5,-3.5
5.992499828,6.201805353,0.354166493,3.241665006,6.325555801,7.334167004,51,73,0,-119.5,-110,59.5,49
5.967722321,7.188833332,0.658333004,4.651670074,9.28527832,10.46833038,52,76,0,-138,-114.5,59.5,48.5
6.313389206,6.964222813,-2.599999905,1.828334045,7.097499847,8.101111412,33,57.2,0,-101.5,-89,59.5,49
7.867777634,8.118722343,4.016670227,4.99832983,9.610833168,10.48599987,69,76,0,-68.5,-64.5,47.5,44.5
5.80200057,7.548972464,-2.383334994,3.789163971,7.383611202,9.197777748,30,57,0,-67,-52.5,60,46.5
3.598611116,4.378056049,-13.74170017,-7.216670036,4.357778072,5.84805584,0,25,0,-136,-61,82.5,52.5
8.801805496,8.955000401,5.695834875,6.608335018,9.931666374,10.18208313,63.5,74,0,-65.5,-60,46.5,43.5
6.898638868,8.660055447,0.154166505,5.59499898,8.529305458,10.73244505,50,72,0,-94.5,-74.5,56.5,41.5
8.559667015,8.569333839,5.316669941,5.416669941,9.931666374,9.931666374,27,30.2,0,-64,-62.5,46.5,46
5.9635005,7.03316679,-3.691669941,1.986664009,6.990832806,9.865278244,30,70,0,-79,-57,62,45
6.174445152,6.459722996,-0.25,3.299999952,6.675278187,7.265277863,18,64,0,-109.5,-101.5,59.5,49
4.27327795,4.537694693,-6.887500048,-3.956668043,6.60194397,8.007499695,20,49,0,-140.5,-124,69,60
28.57569504,28.68819523,27.50415039,27.78749943,28.95944023,28.99305534,20.5,53,1,103,103.5,13.5,12.5
27.98819847,28.16903343,27.3125,27.39249973,28.91555977,28.91555977,4.5,21.6,1,105.5,106.5,12,11.5
28.2446682,28.40933647,26.91250038,27.31586037,28.91555977,28.91555977,14,22.8,1,104.5,105,12,12
28.06400299,28.12078094,26.75834942,26.84502926,29.02958488,29.12080498,26.5,29.3,1,104.5,104.5,11.5,11
28.41266937,28.62989197,27.31669998,27.53500061,28.91555977,28.91555977,35,72,1,104.5,105.5,13,12.5
28.26466827,28.34933624,26.90420055,26.99420071,29.29805946,29.29805946,54,74,1,104,104.5,10.5,10.5
28.49933491,28.53922482,27.56664944,27.63332958,28.91555977,28.91555977,0,0,1,105,105.5,11.5,11
27.96516647,28.31050224,26.56669998,27.19332008,29.18083,29.29805946,79,80,1,103.5,104,11.5,10.5
27.62649708,27.78049908,26.98749924,27.06169949,28.91555977,28.91555977,55,71.9,1,106,106.5,13,12
26.86702709,26.91752872,26.33335018,26.54501038,28.89222527,28.91555977,43.5,73.6,1,107,107.5,13,12
27.86413956,28.53397369,25.90834999,27.12080936,29.05152512,29.14361,65,76,1,103,104,12.5,12
27.61466675,27.65544281,27.25,27.28999939,28.91555977,28.91555977,43,50.2,1,105,105.5,14,13.5
28.47472,28.47472,27.66670036,27.66670036,28.91555977,28.91555977,0,0,1,105.5,105.5,11.5,11.5
26.00222301,26.60722065,25.40000057,26.29668064,28.89222527,28.91555977,55,68.3,1,107,107.5,14,13
28.27005806,28.50628166,27.38330078,27.62333984,28.91555977,28.91555977,23,52.2,1,103.5,104.5,14,13
27.46605377,27.69166794,26.83329964,27.03830032,28.91555977,28.91555977,81,84.4,1,106,107,14,13
27.93499947,27.93499947,27.55830002,27.55830002,28.91555977,28.91555977,0,0,1,106,106,11,11
28.34166889,28.35333691,27.35829926,27.35829926,28.91555977,28.91555977,8,14.4,1,105,105,11,10.5
16.01194401,16.63769684,28.80415058,29.06170006,21.01610947,22.09194946,0,1,0,17.5,20.5,15.5,12
12.04710999,13.03788815,26.00830078,28.22169991,19.32305908,20.80888939,0,0,0,20.5,23,15.5,14
10.30972385,12.13205776,25.63330078,28.25498047,15.20055962,17.42900124,0,0,0,15.5,24,23,15.5
18.32639027,19.20763969,27.97084999,28.42500019,22.09194946,22.39221954,2,12.5,0,15,17.5,12.5,10
18.66758652,19.43210907,27.63749981,28.54332027,22.09194946,23.08305283,7,16.3,0,18,19.5,12.5,10
15.25971985,15.89805984,28.0916996,28.60829926,19.71750069,21.01610947,0,0,0,14.5,18,16.5,13
16.03505363,16.53544159,28,28.90333977,20.80888939,21.05805359,0,0,0,14,16,14,13
20.29725037,20.35575027,26.5458498,26.58252964,24.53444481,24.68111229,30.5,38.9,0,16,16.5,8.5,8.5
20.82810822,21.02011261,26.2166996,26.57000046,25.75610924,25.83033333,19,28.8,0,16,17,8.5,7.5
18.97685928,19.55922279,27.48749924,27.72336006,22.78944492,23.8212471,12,17.4,0,14.5,16,10.5,8.5
21.21941738,21.8484972,27.28334999,27.47085972,24.62527943,25.75610924,14.5,31.3,0,17.5,20,10,8
15.39927998,15.89544411,27.33329964,28.34501953,21.83333015,22.09194946,1,10,0,20.5,23,14,11
19.00327606,19.95438957,27.19169998,27.42333946,22.38999939,23.8954998,11,18,0,19.5,22,11.5,9
20.41528034,20.49861526,27.36249924,27.6083498,23.5731945,24.03041458,10.5,15,0,16,17.5,9.5,9
27.74561062,28.42069626,27.09999943,28.00414066,29.64332962,29.64332962,41,74.9,1,80.5,82,9.5,6
24.69567127,25.0030035,24.60420036,25.10170021,27.82250023,27.97514191,33,58,0,13,14,-4,-4.5
26.02030869,26.32888756,24.8916502,25.65166969,27.66472054,28.04055977,76.5,83.2,0,14.5,17.5,0.5,-1.5
25.93989182,26.11217003,24.91670036,25.05832062,28.04055977,28.1358326,68,71.6,0,11.5,12.5,-4,-5
23.81433372,24.01433372,23.45829964,23.99830055,28.04055977,28.05066795,73,80,0,13.5,14.5,-2.5,-4
26.03138924,26.11111069,24.81669998,25.04999924,26.77222061,26.77222061,82,84,0,17,18.5,3,-0.5
25.28110924,25.6410305,24.82079983,25.11748962,28.18250084,28.25222015,48.5,81,0,12,13,-2.5,-4.5
24.57900009,25.23171921,24.39999962,25.11499977,27.66472054,27.82250023,18,71.2,0,14.5,16.5,-1.5,-3
25.30133514,25.6705574,24.17500019,24.82329998,26.79833031,28.67806053,80,83.2,0,13.5,17,2,0
23.60111179,23.95505943,24.08749962,24.49085922,27.26861,27.80672226,18.5,58.4,0,14.5,16,-3.5,-5
25.93672123,26.57402668,25.28334999,25.72749004,26.77222061,26.77222061,42.5,82,1,16.5,21,-1.5,-8
26.17699814,26.45794601,25.04170036,25.32998009,26.77222061,26.77222061,79,82.6,1,17,24.5,4.5,-2.5
25.01397362,25.61647682,24.32919979,25.20417061,26.77222061,26.77222061,56.5,82,1,20,23,-3,-8
24.74844208,25.22311211,24.70000076,25.09669952,26.53360939,26.77222061,42,81.6,1,22.5,26,-2.5,-8
19.55639076,21.79888916,22.88330078,24.875,24.93250084,25.69222069,39,50,1,22.5,30.5,-5.5,-13.5
23.39266376,23.49366817,24.46249962,24.66080952,26.77222061,26.77222061,24,58.7,1,16,16.5,-4.5,-5
23.29317055,24.82136497,23.4208498,24.87752934,26.36610985,26.45299931,76.5,82,1,25,30,0.5,-5
24.05183258,25.2471983,24.30419922,25.01829929,27.37514019,27.66727657,23.5,58,1,12.5,16.5,-5,-6
25.04355621,25.90794258,24.22500038,25.18163986,26.36639023,26.67472076,79,83,1,23,31,5,-2
24.64138985,24.75806046,23.89170074,24.43330002,26.35832977,26.70861053,21,40,1,109,111,19.5,18.5
15.79055977,16.25278091,15.35830021,16.0333004,18.20778084,20.43250084,2,52,0,115.5,119.5,34,29.5
16.70555611,17.10411263,15.9666996,16.75667953,21.63389015,23.10844383,48,71.6,0,118.5,122,30.5,27.5
17.71750069,18.17361069,17.60000038,18.75830078,22.35083008,23.49749947,42,67,0,114,118.5,29.5,24.5
15.38516598,15.93472576,14.67500019,15.38998013,18.04916954,19.17649879,1,7.4,0,117,122,34.5,31
8.107139206,8.408222485,4.404164791,5.74832983,10.70860958,11.63453178,6.5,73.3,0,122,131,46,41
1.987972605,4.000610948,-3.316665053,3.071667933,8.46444416,16.77628174,0,4,0,90,103,39,31.5
18.28375053,20.55069542,17.64169979,20.57500076,23.94499969,23.94499969,48,71,0,116.5,120.5,28,23.5
7.421444893,7.664999771,1.258329988,3.473329973,8.733333588,9.759166718,13,66.6,0,122,135,53,43.5
13.98933411,14.7712759,14.39999962,15.51998024,17.56444931,18.00016479,1,23,0,111,116.5,36,31.5
11.43883419,12.0217762,9.791669846,13.54998035,13.49221992,15.18394241,2,7.2,0,114,119.5,42,36
17.53905792,18.08322601,16.60000038,17.70497971,21.89249992,24.32072639,29,65.6,0,109.5,114,29.5,25
16.19094124,16.82449951,15.55835009,16.79330025,18.29805946,19.21186066,9.5,60.7,0,109,116,32.5,29
6.751444626,7.488222408,7.133329868,12.08002014,8.934444427,9.649778366,0,2,0,74,96.5,48.5,34.5
1.198333025,2.693056107,-3.158329964,1.683330059,22.27528,24.79999924,0,4,0,79,99,36,28
6.520638561,8.238223076,6.166665077,9.600000954,8.849583626,18.03144531,0,18.7,0,94,108.5,42.5,32.5
21.06100273,21.89116783,20.3416996,22.01665993,25.1511097,25.1511097,34,63.8,1,105.5,112,26,21.5
15.63650169,16.46983566,15.07499981,17.19332047,22.31361008,24.27644806,16,43.2,0,104,109.5,28.5,24.5
9.408888817,9.976666451,7.033329964,8.833330154,12.2322197,12.79166985,7,55,0,119.5,125.5,43,39
6.551222563,7.247166824,3.804170012,7.614168024,9.295833588,12.01980324,0,30.7,0,98,126,53,37.5
6.865444851,7.201583433,7.237499952,8.320832825,12.85846996,16.16113968,0,1.9,0,105,107.5,39,35.5
10.37783623,10.94694824,9.916669846,12.16997986,12.95028019,13.37655373,4,28.8,0,116,117.5,40.5,39.5
16.07327766,16.13016548,15.57499981,15.76835995,19.20375061,19.24008636,12,13.6,0,121.5,121.5,31.5,31
8.069000053,9.664722061,7.974999905,11.36169987,14.73416996,16.47583008,4,14,0,110.5,114.5,40,34.5
12.53994598,13.10255623,12.98330021,14.02998028,15.95777988,16.75911255,2,9.6,0,115.5,122.5,37.5,34.5
10.01444588,11.52300177,10.05833483,12.68080006,17.20597458,18.20944023,6,66.9,0,106.5,111,39,31.5
14.36080608,16.86794434,11.61250019,17.10667038,18.23611069,23.14027977,16.5,62,0,98,110,33.5,26
11.63002768,11.75019579,12.52915001,12.87419014,13.78180504,14.05780821,2.5,7.1,0,117.5,118,39.5,38.5
14.88180332,16.89524841,16.07084942,19.02000999,23.94902515,25.79314137,36,71.3,0,98,106,28.5,21
21.72022114,23.60483036,21.00419998,22.72081051,25.1511097,25.1511097,31,62,1,110,117,25,20
11.16083479,11.26444483,12.0625,12.55000019,14.05180502,14.34000015,4,15,0,-71,-70,-32.5,-33.5
6.740000248,8.468777847,5.800000191,8.271669769,10.71444035,10.73556042,17,76.6,0,-75,-71,-44.5,-49
8.180555725,10.1229454,10.48330021,14.09663982,18.56193924,18.6012764,0,0,0,-70,-67,-21.5,-26
10.49833412,10.89222202,10.86670017,11.28498001,12.09193993,12.70221996,58,74.8,0,-73,-71,-38,-39.5
10.25622387,12.30511208,8.516670227,14.56002007,16.10000038,17.34111023,0,0,0,-71,-68.5,-26,-29.5
11.04986,11.28777981,11.52080011,12.32085037,13.03722,13.29944038,18,72.5,0,-73,-71,-36.5,-38.5
10.96430635,11.87413635,9.891670227,13.39420013,14.34000015,14.56917,0,4.5,0,-71,-70,-29.5,-32
11.6502737,11.99094181,12.86670017,13.03998032,13.29944038,13.6435524,3,14.2,0,-71.5,-70,-34.5,-35
10.41471958,10.54944038,9.558329582,10.38329983,11.69944,12.00749969,65,77,0,-74,-71.5,-40,-44
6.251333714,6.750999737,5.716670036,6.618333912,7.526667118,9.212055969,9,74.4,0,-75,-67,-49,-55.5
11.44972038,11.60249996,12.45829964,13.05830002,13.29944038,13.29944038,9,73,0,-72,-70.5,-35.5,-36.5
10.9055584,11.5143322,12.89999962,13.43332005,14.15972042,14.30455627,6,19.4,0,-71,-70,-33.5,-34
10.36583042,12.20666981,12.05830002,16.08329964,23.54972076,25.45833015,0,0,0,-70,-68.5,-18,-21.5
23.96592045,24.70389194,23.91664982,24.24831066,28.67806053,28.67806053,77.5,82,0,13,16,5.5,2
27.66582947,28.47005844,25.54170036,26.5,29.33305931,29.33305931,66,80.4,1,10,11,4.5,3.5
20.32677879,20.92244606,22.99580002,24.0782999,29.27680969,29.33305931,38.5,47.3,1,10.5,11,6.5,6
20.41346931,21.05069447,22.44585037,23.62915039,29.22056007,29.33305931,24.5,46.5,1,10.5,11.5,6,5
26.12169247,27.14244766,24.39585018,26.02918949,29.33305931,29.33305931,68,81.3,1,9,10,6,4
19.16027412,19.5259964,23,23.55002022,28.67806053,28.91822357,31,43.2,0,12,15,7.5,6
23.50667,23.95889091,24.17499924,24.94169998,29.18444061,29.22056007,61,78,0,11,13,5.5,3
17.31830463,17.64908237,27.57499981,28.21083031,22.34194469,23.74513626,1.5,8,0,14,15.5,12.5,10
19.51667023,19.85832977,26.25,27.70829964,25.11639023,28.33139038,19,36,0,13,15.5,9.5,7
25.3461647,26.84583244,23.95000076,25.07166023,29.18444061,29.28805962,71,83.6,0,10.5,13.5,3,2
24.25638962,24.25638962,23.91670036,23.91670036,27.48999977,27.48999977,58,58,1,43.5,43.5,-12,-12
29.06333447,29.3779192,26.16664982,26.48335075,30.59361076,30.71582985,84,89,1,-74,-69.5,-0.5,-4
26.65167046,28.20944023,22.48329926,26.56669998,29.72583008,29.72583008,60,77,1,-76.5,-74,8,5.5
27.25396881,27.43188972,26.66669941,26.95331001,29.30027962,29.30544548,23.5,34.4,1,-72,-69.5,6.5,6
29.29991646,29.31163826,27.28334999,27.51002998,29.31749916,29.31749916,12,21.6,1,-75,-74.5,10.5,10.5
26.85297127,27.57372131,25.58329964,25.97667027,29.72583008,30.24178276,80,89.1,1,-76,-71.5,2.5,-0.5
18.43561211,25.05010948,18.81669998,24.79329987,29.72583008,29.72583008,60,75.2,1,-77.5,-76,3,1.5
28.1416111,28.4550806,26.30420017,28.11499043,29.31749916,29.72583008,29,52.8,1,-73.5,-73,10.5,8
28.19738922,29.3491993,25.75835037,25.99918041,29.72583008,29.72583008,57,83.7,1,-77.5,-76,8,4
28.51308708,29.05160732,26.7166996,27.28668995,29.72583008,29.72583008,20,40.7,1,-76,-75,9,7.5
27.40860939,27.66694069,25.64170074,25.98329926,29.60944939,29.75111008,82,85,1,-73,-70,2.5,0.5
28.70969028,28.80480309,26.07079983,26.45329971,29.92444038,30.2742487,85,88.7,1,-70,-67,3.5,1.5
19.52438927,20.75838966,20.1583004,23.15830078,29.72583008,29.72583008,20,32.2,1,-76,-74.5,3,1.5
26.80800381,27.05672646,27.28334999,27.73167973,29.31749916,29.31749916,10,35.6,1,-73,-71,12,10.5
26.77060776,27.08449821,26.0916996,26.28997993,29.72583008,29.72583008,17,84.4,1,-74,-71,4.5,1.5
26.7324955,27.01655273,23.52499962,26.01500015,29.72583008,29.72583008,55,73.4,1,-78.5,-77,2,0.5
21.82200031,25.74280872,20.90829945,25.68500023,29.31749916,29.72583008,32,64.7,1,-73,-72,8.5,7
26.06899948,26.49310837,25.625,26.08332024,29.72583008,29.88594208,76,83,1,-76.5,-74,1,-0.5
14.95666981,14.95666981,15.88329983,15.88329983,29.72583008,29.72583008,18,18,1,-75.5,-75.5,4,4
20.11844635,21.16522217,20.2166996,21.4366993,29.72583008,29.72583008,61,69,1,-76,-75.5,5,4.5
27.89550018,28.93788643,24.4666996,28.00335922,29.72583008,29.72583008,35,79,1,-74,-72.5,7.5,6
29.09833183,29.0994442,27.5,27.8133606,29.72583008,29.72583008,26,30.8,1,-75,-74.5,9,8.5
20.92800255,23.65666542,20.875,25.39669952,29.72583008,29.72583008,57,75.4,1,-75.5,-74.5,5,3
21.3195858,24.63722038,21.49580002,24.32920074,29.72583008,29.72583008,52,84,1,-77,-76,4.5,3
28.48694057,28.73258152,25.67499924,25.76082077,30.30111504,30.59972,84,88.6,1,-71.5,-69,1.5,-1
28.02208195,28.74258652,26.52920055,27.40832958,29.30027962,29.49560795,28.5,83.1,1,-70.5,-67.5,6,3
26.75894833,27.40341549,26.60420036,26.86000023,29.30027962,29.72583008,20.5,39.9,1,-72.5,-70,6,4.5
17.76463547,23.24332943,16.5,24.87998962,29.72583008,29.72583008,23,64.6,1,-74.5,-73.5,5,4
28.98505383,29.05394325,26.91664982,27.88419037,29.72583008,29.72583008,22,67.8,1,-75,-74,10,7
14.620193,21.17183094,14.5374999,21.78831024,29.72583008,29.72583008,46.5,73.9,1,-74,-72,6.5,4.5
22.67041569,25.07902584,20.71665001,25.20996971,29.72583008,29.72583008,29,33.8,1,-75,-74.5,5.5,5
28.77110825,29.02902851,27.40415001,27.98419971,29.31749916,29.43999844,30,55.7,1,-74.5,-73.5,11,9
28.01577873,28.16488686,25.97500038,25.98835945,29.17499924,29.17499924,55,62.2,1,-84.5,-84,10.5,10
17.24860954,17.24860954,17.85000038,17.85000038,29.16694069,29.16694069,68,68,1,-83.5,-83.5,9.5,9.5
28.70761032,29.01383057,26.97500038,27.19500008,29.16694069,29.17338753,34,71.6,1,-85.5,-85,10.5,10
28.63389015,28.63389015,25.73329926,25.73329926,29.17499924,29.17499924,72,72,1,-83.5,-83.5,10.5,10.5
24.81358261,25.38841476,22.97500038,23.89500008,29.17096996,29.17419338,44.5,60.1,1,-83.5,-83,10,9.5
26.74272194,27.40961342,24.93330002,25.56666031,29.16694069,29.16694069,67,67.8,1,-84.5,-83,10,8.5
23.91772137,23.92738743,23.44584942,23.70916958,29.16694069,29.16694069,23.5,37.5,1,-84,-83.5,9.5,9
20.73374825,21.12988682,26.07919979,26.72001076,25.20471954,25.99675274,30,48.6,0,19.5,22,9,7
23.75156002,23.83256016,25.01669979,25.16331978,26.29555511,26.36833,41.5,52.4,0,21,22,5,4.5
19.65111313,20.86602802,24.0791502,24.45250969,25.60389042,26.09358406,47,56,0,21.5,24.5,8.5,6
23.48224964,23.67775192,24.0958004,24.25667038,26.3977747,27.49943924,45,52.1,0,15,17,5,3.5
20.6507782,21.00616417,24.2833004,24.57666054,25.86721992,26.07999992,40,50.2,0,25,27.5,7.5,5
23.24263954,23.60888958,25.26669979,25.38335037,26.22278023,26.36833,40.5,44.5,0,19,20,6,5
24.7343895,25.08638687,24.52499962,24.95166054,26.51832962,26.64933167,70,81,0,17,18.5,4.5,3.5
22.29733295,23.27444286,24.29170036,24.82667065,26.15305519,26.36063957,52.5,80,0,22,25,6,4
21.36027985,21.6402504,23.78749943,24.6116394,26.22444916,27.49943924,41,48.5,0,15,16.5,6,5
22.58094597,23.11210976,24.98329926,25.24000015,26.18083,26.22278023,44,54,0,20,22,7,5
21.78822403,21.99305801,25.5333004,26.23665924,26.12528038,26.18472176,41,48.4,0,17,19,7.5,5.5
20.30083485,21.07311535,24.19585037,25.23082924,26.0177803,26.15749931,34.5,40.5,0,15.5,17,7,6
18.17861462,18.67833519,26.12084961,26.71670055,23.43249989,24.16292,13,26.5,0,21.5,23.5,10.5,8.5
21.85805664,21.96450043,25.8416996,26.4683403,26.12528038,26.14750023,44,47.8,0,19,20,8,6.5
24.18699951,24.47611237,24.00830078,24.22999992,26.625,26.71482925,80,81.4,0,16,17.5,3.5,2.5
23.40330315,23.94483261,24.84584999,25.08502998,26.36833,26.43527546,42,52.6,0,17,19,5.5,4.5
25.67030125,25.94547329,24.98330021,25.18168011,27.60513496,28.08560829,13.5,54,1,-84,-83,22.5,22
25.46641674,25.66325169,24.53334999,24.90330963,27.08444023,27.14900112,39,78.1,1,-81.5,-80.5,22.5,22
26.31833076,26.31833076,25.45000076,25.45000076,27.53166962,27.53166962,22,22,1,-82.5,-82.5,21.5,21.5
26.49144821,26.74455605,25.60000038,25.80165939,27.17667007,27.17667007,22,46,1,-78,-77,21.5,21
25.90386429,25.9692543,25.10420036,25.15420036,27.17667007,27.17667007,23.5,30.3,1,-78.5,-78.5,22,21.5
25.05233555,25.12189159,24.71250057,24.7758604,27.17667007,27.17667007,11.5,11.9,1,-80.5,-80,22,22
26.79411163,26.80322342,25.9083004,25.96166039,27.17667007,27.17667007,39,51.8,1,-77,-76.5,20.5,20
24.73800163,25.09433327,24.64999962,25.09000053,27.17667007,27.17667007,61,67.4,1,-75,-74,20,20
25.34083176,25.40694427,24.68330002,24.76330032,27.08444023,27.08444023,15,25.4,1,-82.5,-81.5,22.5,22.5
26.55888939,26.55888939,25.50830078,25.50830078,27.17667007,27.17667007,12,12,1,-76,-76,20.5,20.5
26.86044197,26.97977409,25.93330002,25.94666061,27.17667007,27.17667007,29,45.8,1,-77.5,-76.5,21,20.5
25.47688828,25.59377594,25.0333004,25.20001945,27.17667007,27.17667007,64,64,1,-79.5,-79,22,21.5
25.5061655,25.55594158,25.03329945,25.0732996,27.17667007,27.17667007,24,24,1,-76,-75.5,20,20
24.98049812,25.17016563,24.49169922,24.78497925,27.17667007,27.17667007,18,22,1,-80,-79.5,22.5,22
13.88916969,13.88916969,19.4083004,19.4083004,17.50832939,17.50832939,5,5,0,34,34,35,35
13.23583031,13.23583031,19.52499962,19.52499962,17.50832939,17.50832939,6,6,0,33.5,33.5,35,35
12.87835979,12.88185978,18.00835037,18.33503036,17.50832939,17.50832939,0.5,0.9,0,33,33.5,34.5,34.5
9.511388779,9.548055649,7.474999905,7.615000057,10.21193981,10.25594006,3,5.4,0,10,11,56,56
9.340000153,9.340000153,7.516670227,7.516670227,9.875278473,9.875278473,53,53,0,15,15,55,55
9.720917606,9.740862179,8.108335018,8.175003338,10.25068998,10.26369009,0.5,0.9,0,10.5,11,55,55
9.501111031,9.501111031,7.883329868,7.883329868,9.976111412,9.976111412,4,4,0,12.5,12.5,55.5,55.5
9.271555519,9.362166977,7.375,7.494999981,10.14221954,10.24493999,5,26.6,0,9.5,10.5,57,56.5
9.664777946,9.68955555,8.008330345,8.221665764,10.43416977,10.43416977,4,9.6,0,8.5,9,55.5,55
9.442166901,9.463500214,7.900000095,8.093336201,10.32527494,10.37194281,3.5,3.9,0,8.5,9,56,56
9.532500267,9.532500267,7.508329868,7.508329868,10.26694012,10.26694012,0,0,0,9.5,9.5,55,55
9.803416729,9.828917027,8.341664791,8.484999943,10.09027958,10.1546382,4,21.7,0,11.5,12.5,55,54.5
9.454916668,9.473305607,7.40416503,7.46083293,10.26694012,10.26694012,4,4.8,0,9.5,10,55.5,55.5
9.748055458,9.783055305,8.154170275,8.284170389,10.08041477,10.12985859,1,1.8,0,11.5,12,55.5,55
9.382999802,9.388777542,7.766670227,8.159998322,10.26694012,10.26694012,3,58.2,0,8.5,9.5,56.5,56
25.82416916,25.82416916,26.64999962,26.64999962,30.31722069,30.31722069,0,0,1,43,43,11,11
26.11721992,26.11721992,27.83329964,27.83329964,30.31722069,30.31722069,0,0,1,42.5,42.5,11,11
29.13705769,29.79772549,27.76249981,28.63250027,30.31722069,30.31722069,0.5,0.9,1,43,43.5,12,12
27.54488564,28.11644173,27.74169922,27.74169922,30.31722069,30.31722069,1,1,1,42.5,43,12,11.5
17.63944054,17.63944054,18.31669998,18.31669998,27.78944016,27.78944016,17,17,1,-70.5,-70.5,18.5,18.5
22.89971924,22.89971924,23.98329926,23.98329926,27.78944016,27.78944016,0,0,1,-71,-71,18,18
24.05861092,24.05861092,24.60000038,24.60000038,28.04110909,28.04110909,29,29,1,-70,-70,19,19
26.59130573,26.8296957,25.49165058,25.82497044,28.04110909,28.04110909,17,30.6,1,-68.5,-68.5,18.5,18
25.23777962,25.23777962,25.39170074,25.39170074,28.04110909,28.04110909,8,8,1,-69.5,-69.5,19,19
24.45916939,24.45916939,26.02499962,26.02499962,27.78944016,27.78944016,24,24,1,-71,-71,19.5,19.5
24.94249916,24.94249916,25.18330002,25.18330002,28.04110909,28.04110909,13,13,1,-70,-70,18,18
24.07221985,24.07221985,25.25830078,25.25830078,27.78944016,27.78944016,18,18,1,-70.5,-70.5,19.5,19.5
24.11778069,24.11778069,25.23329926,25.23329926,28.04110909,28.04110909,59,59,1,-69,-69,19,19
20.96055984,20.96055984,22.41670036,22.41670036,27.78944016,27.78944016,36,36,1,-71,-71,18.5,18.5
20.22149944,20.6960535,20.90000057,21.7133604,27.78944016,27.78944016,53,75.4,1,-71,-70.5,19,19
25.35695076,25.35695076,24.88330078,24.88330078,28.04110909,28.04110909,25,25,1,-69,-69,18.5,18.5
24.92305946,24.92305946,24.73329926,24.73329926,28.04110909,28.04110909,28,28,1,-69.5,-69.5,18.5,18.5
22.86610985,22.86610985,23.14170074,23.14170074,28.04110909,28.04110909,35,35,1,-70,-70,18.5,18.5
12.4662241,12.74966793,13.99170017,14.53170033,28.15777969,28.31711655,41,45,1,-79,-78.5,-3,-3.5
20.77838936,20.84872322,21.88335037,22.03003006,28.15611076,28.15611076,58.5,62.9,1,-79,-79,-1.5,-2
9.644721985,9.644721985,10.9083004,10.9083004,29.72583008,29.72583008,27,27,1,-77.5,-77.5,0.5,0.5
9.690725613,9.925615406,10.8041501,11.04083033,28.15694523,28.1576128,10,12.4,1,-78.5,-78.5,-2,-2.5
8.544445038,8.544445038,10.43330002,10.43330002,28.2491703,28.2491703,15,15,1,-78.5,-78.5,-1,-1
19.32405605,19.78561192,21.26249981,22.05249996,27.72347069,27.76424675,42,43.6,1,-79.5,-79.5,-3.5,-4
25.07457809,25.69041214,24.82085037,25.39581051,29.72583008,29.72583008,44,65.7,1,-79.5,-78.5,1,0.5
23.58155861,24.05205231,25.11669922,25.98498001,27.375,28.15611076,29,52.2,1,-80.5,-79,-1.5,-3
17.00677986,17.81300011,17.20829964,18.50829964,29.60944939,29.70255394,81,86.6,1,-78.5,-78,0.5,0
16.79814339,18.53864098,17.75414991,21.74168987,28.04680538,28.22583008,33.5,66.2,1,-80,-79,-4,-4.5
20.67917061,20.67917061,21.64170074,21.64170074,28.2491703,28.2491703,41,41,1,-79,-79,-1,-1
23.76300278,23.96688614,25.23329926,25.46670036,28.15611076,28.50972633,20,32.6,1,-80.5,-79.5,0,-1.5
23.17089043,24.21733551,22.375,24.71835976,28.99527931,29.36200333,74,78.4,1,-78.5,-77,-2,-3.5
25.41727753,25.6251667,25.45829964,25.82665939,29.30666924,29.75083275,81,85.8,1,-77.5,-76,-1.5,-2.5
22.8684454,23.93911457,19.33750057,24.30249023,28.90056038,29.39678268,18,29.8,1,-79,-78,0,-0.5
12.11619396,12.74280491,12.82079983,14.41079998,28.15611076,28.15611076,43.5,67.9,1,-78.5,-78,-1.5,-1.5
16.33088779,16.72733593,18.33329964,18.78665962,28.61721992,28.61721992,75,84.6,1,-79,-78.5,-4,-5